Workbook

Sheet ΛΙΣΤΕΣ
A1: Παιχτες
A2: Γιάννης Αντετοκούνμπο
A3: Πολ Άριζιν
A4: Ρικ Μπάρι
A5: Λάρι Μπερντ
A6: Γουίλτ Τσάμπερλεϊν
A7: Κλάιντ Ντρέξλερ
A8: Τιμ Ντάνκαν
A9: Πάτρικ Γιούιν
A10: Ουόλτ Φρέιζερ
A11: Κέβιν Γκαρνέτ

Sheet Sheet1
A3: Row Labels | B3: Count of Παιχτης | C3: Average of Πόντοι2 | D3: Sum of Ασίστ | E3: Sum of Πόντοι | F3: Sum of Ριμπαουντ | G3: Average of Κοψίματα
A4: Γιάννης Αντετοκούνμπο | B4: 7 | C4: 31 | D4: 88 | E4: 217 | F4: 85 | G4: 4.7142857
A5: Γουίλτ Τσάμπερλεϊν | B5: 8 | C5: 34.625 | D5: 121 | E5: 277 | F5: 90 | G5: 6.125
A6: Κέβιν Γκαρνέτ | B6: 12 | C6: 30.25 | D6: 172 | E6: 363 | F6: 129 | G6: 5.5833333
A7: Κλάιντ Ντρέξλερ | B7: 6 | C7: 25.333333 | D7: 66 | E7: 152 | F7: 81 | G7: 4
A8: Λάρι Μπερντ | B8: 9 | C8: 29.555556 | D8: 108 | E8: 266 | F8: 101 | G8: 5.8888889
A9: Ουόλτ Φρέιζερ | B9: 9 | C9: 27.555556 | D9: 111 | E9: 248 | F9: 89 | G9: 5.1111111
A10: Πάτρικ Γιούιν | B10: 4 | C10: 26.75 | D10: 46 | E10: 107 | F10: 40 | G10: 5.75
A11: Πολ Άριζιν | B11: 3 | C11: 22 | D11: 26 | E11: 66 | F11: 43 | G11: 6
A12: Ρικ Μπάρι | B12: 5 | C12: 20.8 | D12: 61 | E12: 104 | F12: 58 | G12: 5.6
A13: Τιμ Ντάνκαν | B13: 13 | C13: 35 | D13: 196 | E13: 455 | F13: 177 | G13: 5.7692308
A14: Grand Total | B14: 76 | C14: 29.671053 | D14: 995 | E14: 2255 | F14: 893 | G14: 5.4736842
E21: Row Labels | F21: Sum of 16 | G21: Max of 6 | H21: Average of 10 | I21: Sum of 3 | J21: Sum of 2
E22: Γιάννης Αντετοκούνμπο | F22: 119 | G22: 15 | H22: 13.2 | I22: 23 | J22: 17
E23: Γουίλτ Τσάμπερλεϊν | F23: 313 | G23: 19 | H23: 16.3 | I23: 48 | J23: 34
E24: Κέβιν Γκαρνέτ | F24: 111 | G24: 14 | H24: 13.4 | I24: 30 | J24: 20
E25: Κλάιντ Ντρέξλερ | F25: 344 | G25: 20 | H25: 12 | I25: 50 | J25: 34
E26: Λάρι Μπερντ | F26: 137 | G26: 20 | H26: 14.166667 | I26: 26 | J26: 17
E27: Ουόλτ Φρέιζερ | F27: 228 | G27: 17 | H27: 13.285714 | I27: 38 | J27: 30
E28: Πάτρικ Γιούιν | F28: 332 | G28: 20 | H28: 12.454545 | I28: 58 | J28: 37
E29: Πολ Άριζιν | F29: 242 | G29: 14 | H29: 9.75 | I29: 40 | J29: 14
E30: Ρικ Μπάρι | F30: 178 | G30: 15 | H30: 12.166667 | I30: 34 | J30: 13
E31: Τιμ Ντάνκαν | F31: 257 | G31: 16 | H31: 13 | I31: 47 | J31: 21
E32: Grand Total | F32: 2261 | G32: 20 | H32: 12.986667 | I32: 394 | J32: 237

Sheet ΔΕΔΟΜΕΝΑ
A1: Α/Α | B1: Παιχτης | C1: Πόντοι | D1: Ασίστ | E1: Ριμπαουντ | F1: Κοψίματα | G1: Λάθη
A2: 1 | B2: =INDEX(ΛΙΣΤΕΣ!$A$2:$A$11, RANDBETWEEN(1, COUNTA(ΛΙΣΤΕΣ!$A$2:$A$11))) -> Λάρι Μπερντ | C2: =RANDBETWEEN(10, 50) -> 19 | D2: =RANDBETWEEN(5, 20) -> 15 | E2: =RANDBETWEEN(5, 20) -> 8 | F2: =RANDBETWEEN(3, 8) -> 6 | G2: =RANDBETWEEN(1, 5) -> 5
A3: 2 | B3: =INDEX(ΛΙΣΤΕΣ!$A$2:$A$11, RANDBETWEEN(1, COUNTA(ΛΙΣΤΕΣ!$A$2:$A$11))) -> Γιάννης Αντετοκούνμπο | C3: =RANDBETWEEN(10, 50) -> 17 | D3: =RANDBETWEEN(5, 20) -> 10 | E3: =RANDBETWEEN(5, 20) -> 13 | F3: =RANDBETWEEN(3, 8) -> 7 | G3: =RANDBETWEEN(1, 5) -> 2
A4: 3 | B4: =INDEX(ΛΙΣΤΕΣ!$A$2:$A$11, RANDBETWEEN(1, COUNTA(ΛΙΣΤΕΣ!$A$2:$A$11))) -> Γιάννης Αντετοκούνμπο | C4: =RANDBETWEEN(10, 50) -> 38 | D4: =RANDBETWEEN(5, 20) -> 10 | E4: =RANDBETWEEN(5, 20) -> 15 | F4: =RANDBETWEEN(3, 8) -> 6 | G4: =RANDBETWEEN(1, 5) -> 3
A5: 4 | B5: =INDEX(ΛΙΣΤΕΣ!$A$2:$A$11, RANDBETWEEN(1, COUNTA(ΛΙΣΤΕΣ!$A$2:$A$11))) -> Γιάννης Αντετοκούνμπο | C5: =RANDBETWEEN(10, 50) -> 18 | D5: =RANDBETWEEN(5, 20) -> 20 | E5: =RANDBETWEEN(5, 20) -> 8 | F5: =RANDBETWEEN(3, 8) -> 8 | G5: =RANDBETWEEN(1, 5) -> 2
A6: 5 | B6: =INDEX(ΛΙΣΤΕΣ!$A$2:$A$11, RANDBETWEEN(1, COUNTA(ΛΙΣΤΕΣ!$A$2:$A$11))) -> Ουόλτ Φρέιζερ | C6: =RANDBETWEEN(10, 50) -> 42 | D6: =RANDBETWEEN(5, 20) -> 9 | E6: =RANDBETWEEN(5, 20) -> 18 | F6: =RANDBETWEEN(3, 8) -> 8 | G6: =RANDBETWEEN(1, 5) -> 5
A7: 6 | B7: =INDEX(ΛΙΣΤΕΣ!$A$2:$A$11, RANDBETWEEN(1, COUNTA(ΛΙΣΤΕΣ!$A$2:$A$11))) -> Γιάννης Αντετοκούνμπο | C7: =RANDBETWEEN(10, 50) -> 28 | D7: =RANDBETWEEN(5, 20) -> 16 | E7: =RANDBETWEEN(5, 20) -> 8 | F7: =RANDBETWEEN(3, 8) -> 5 | G7: =RANDBETWEEN(1, 5) -> 5
A8: 7 | B8: =INDEX(ΛΙΣΤΕΣ!$A$2:$A$11, RANDBETWEEN(1, COUNTA(ΛΙΣΤΕΣ!$A$2:$A$11))) -> Πολ Άριζιν | C8: =RANDBETWEEN(10, 50) -> 25 | D8: =RANDBETWEEN(5, 20) -> 18 | E8: =RANDBETWEEN(5, 20) -> 11 | F8: =RANDBETWEEN(3, 8) -> 5 | G8: =RANDBETWEEN(1, 5) -> 3
A9: 8 | B9: =INDEX(ΛΙΣΤΕΣ!$A$2:$A$11, RANDBETWEEN(1, COUNTA(ΛΙΣΤΕΣ!$A$2:$A$11))) -> Κλάιντ Ντρέξλερ | C9: =RANDBETWEEN(10, 50) -> 42 | D9: =RANDBETWEEN(5, 20) -> 13 | E9: =RANDBETWEEN(5, 20) -> 16 | F9: =RANDBETWEEN(3, 8) -> 6 | G9: =RANDBETWEEN(1, 5) -> 4
A10: 9 | B10: =INDEX(ΛΙΣΤΕΣ!$A$2:$A$11, RANDBETWEEN(1, COUNTA(ΛΙΣΤΕΣ!$A$2:$A$11))) -> Πολ Άριζιν | C10: =RANDBETWEEN(10, 50) -> 47 | D10: =RANDBETWEEN(5, 20) -> 16 | E10: =RANDBETWEEN(5, 20) -> 19 | F10: =RANDBETWEEN(3, 8) -> 4 | G10: =RANDBETWEEN(1, 5) -> 4
A11: 10 | B11: =INDEX(ΛΙΣΤΕΣ!$A$2:$A$11, RANDBETWEEN(1, COUNTA(ΛΙΣΤΕΣ!$A$2:$A$11))) -> Γιάννης Αντετοκούνμπο | C11: =RANDBETWEEN(10, 50) -> 23 | D11: =RANDBETWEEN(5, 20) -> 14 | E11: =RANDBETWEEN(5, 20) -> 20 | F11: =RANDBETWEEN(3, 8) -> 3 | G11: =RANDBETWEEN(1, 5) -> 4
A12: 11 | B12: =INDEX(ΛΙΣΤΕΣ!$A$2:$A$11, RANDBETWEEN(1, COUNTA(ΛΙΣΤΕΣ!$A$2:$A$11))) -> Τιμ Ντάνκαν | C12: =RANDBETWEEN(10, 50) -> 48 | D12: =RANDBETWEEN(5, 20) -> 19 | E12: =RANDBETWEEN(5, 20) -> 9 | F12: =RANDBETWEEN(3, 8) -> 5 | G12: =RANDBETWEEN(1, 5) -> 3
A13: 12 | B13: =INDEX(ΛΙΣΤΕΣ!$A$2:$A$11, RANDBETWEEN(1, COUNTA(ΛΙΣΤΕΣ!$A$2:$A$11))) -> Γουίλτ Τσάμπερλεϊν | C13: =RANDBETWEEN(10, 50) -> 10 | D13: =RANDBETWEEN(5, 20) -> 8 | E13: =RANDBETWEEN(5, 20) -> 15 | F13: =RANDBETWEEN(3, 8) -> 6 | G13: =RANDBETWEEN(1, 5) -> 4
... A77: 76 | B77: =INDEX(ΛΙΣΤΕΣ!$A$2:$A$11, RANDBETWEEN(1, COUNTA(ΛΙΣΤΕΣ!$A$2:$A$11))) -> Λάρι Μπερντ | C77: =RANDBETWEEN(10, 50) -> 16 | D77: =RANDBETWEEN(5, 20) -> 8 | E77: =RANDBETWEEN(5, 20) -> 6 | F77: =RANDBETWEEN(3, 8) -> 5 | G77: =RANDBETWEEN(1, 5) -> 4
