Workbook

Sheet ΛΙΣΤΕΣ
A1: Προϊόν/Υπηρεσία | B1: Νομός | C1: Μήνας
A2: Προϊον Α | B2: Χανίων | C2: Ιανουάριος
A3: Προϊον Β | B3: Ρεθύμνου | C3: Φεβρουάριος
A4: Προϊον Γ | B4: Ηρακλείου | C4: Μάρτιος
A5: Προϊον Δ | B5: Λασιθίου | C5: Απρίλιος
A6: Υπηρεσία Α | C6: Μάιος
A7: Υπηρεσία Β | C7: Ιούνιος
A8: Υπηρεσία Γ | C8: Ιούλιος
C9: Αύγουστος
C10: Σεπτέμβριος
C11: Οκτώβριος
C12: Νοέμβριος
C13: Δεκέμβριος

Sheet ΔΕΔΟΜΕΝΑ
A1: Column1 | B1: Προϊόν | C1: Νομός | D1: Μήνας | E1: Ποσότητα | F1: Τιμή Μονάδας | G1: Σύνολο πωλήσεων | H1: Πρόβλεψη Επόμενου Μήνα | L1: Πίνακας Βασικών Δεικτών
A2: 1 | B2: {=INDEX(ΛΙΣΤΕΣ!$A$2:$A$8, RANDBETWEEN(1, COUNTA(ΛΙΣΤΕΣ!$A$2:$A$8)))} -> Υπηρεσία Γ | C2: {=INDEX(ΛΙΣΤΕΣ!$B$2:$B$5, RANDBETWEEN(1, COUNTA(ΛΙΣΤΕΣ!$B$2:$B$5)))} -> Ρεθύμνου | D2: {=INDEX(ΛΙΣΤΕΣ!$C$2:$C$13, RANDBETWEEN(1, COUNTA(ΛΙΣΤΕΣ!$C$2:$C$13)))} -> Μάρτιος | E2: =RANDBETWEEN(10, 500) -> 327 | F2: =RANDBETWEEN(5, 150) -> 82 | G2: =E2*F2 -> 26814 | H2: =G2*( 1 + 15% * RANDBETWEEN(0,1)) -> 26814 | L2: Συνολικές Πωλήσεις | M2: =SUM(G2:G151) -> 3345793
A3: 2 | B3: {=INDEX(ΛΙΣΤΕΣ!$A$2:$A$8, RANDBETWEEN(1, COUNTA(ΛΙΣΤΕΣ!$A$2:$A$8)))} -> Υπηρεσία Γ | C3: {=INDEX(ΛΙΣΤΕΣ!$B$2:$B$5, RANDBETWEEN(1, COUNTA(ΛΙΣΤΕΣ!$B$2:$B$5)))} -> Ηρακλείου | D3: {=INDEX(ΛΙΣΤΕΣ!$C$2:$C$13, RANDBETWEEN(1, COUNTA(ΛΙΣΤΕΣ!$C$2:$C$13)))} -> Οκτώβριος | E3: =RANDBETWEEN(10, 500) -> 425 | F3: =RANDBETWEEN(5, 150) -> 134 | G3: =E3*F3 -> 56950 | H3: =G3*( 1 + 15% * RANDBETWEEN(0,1)) -> 65492.5 | L3: Μεγαλύτερη Πώληση | M3: =MAX(G2:G151) -> 71357
A4: 3 | B4: {=INDEX(ΛΙΣΤΕΣ!$A$2:$A$8, RANDBETWEEN(1, COUNTA(ΛΙΣΤΕΣ!$A$2:$A$8)))} -> Υπηρεσία Β | C4: {=INDEX(ΛΙΣΤΕΣ!$B$2:$B$5, RANDBETWEEN(1, COUNTA(ΛΙΣΤΕΣ!$B$2:$B$5)))} -> Λασιθίου | D4: {=INDEX(ΛΙΣΤΕΣ!$C$2:$C$13, RANDBETWEEN(1, COUNTA(ΛΙΣΤΕΣ!$C$2:$C$13)))} -> Οκτώβριος | E4: =RANDBETWEEN(10, 500) -> 369 | F4: =RANDBETWEEN(5, 150) -> 142 | G4: =E4*F4 -> 52398 | H4: =G4*( 1 + 15% * RANDBETWEEN(0,1)) -> 52398 | L4: Πλήθος Συναλλαγών: | M4: =COUNT(G2:G151) -> 150
A5: 4 | B5: {=INDEX(ΛΙΣΤΕΣ!$A$2:$A$8, RANDBETWEEN(1, COUNTA(ΛΙΣΤΕΣ!$A$2:$A$8)))} -> Προϊον Γ | C5: {=INDEX(ΛΙΣΤΕΣ!$B$2:$B$5, RANDBETWEEN(1, COUNTA(ΛΙΣΤΕΣ!$B$2:$B$5)))} -> Χανίων | D5: {=INDEX(ΛΙΣΤΕΣ!$C$2:$C$13, RANDBETWEEN(1, COUNTA(ΛΙΣΤΕΣ!$C$2:$C$13)))} -> Φεβρουάριος | E5: =RANDBETWEEN(10, 500) -> 421 | F5: =RANDBETWEEN(5, 150) -> 127 | G5: =E5*F5 -> 53467 | H5: =G5*( 1 + 15% * RANDBETWEEN(0,1)) -> 61487.05 | L5: Πωλήσεις στο νομό Ηρακλείου | M5: =SUMIF(C2:C151, "Ηρακλείου",G2:G151) -> 699512
A6: 5 | B6: {=INDEX(ΛΙΣΤΕΣ!$A$2:$A$8, RANDBETWEEN(1, COUNTA(ΛΙΣΤΕΣ!$A$2:$A$8)))} -> Υπηρεσία Β | C6: {=INDEX(ΛΙΣΤΕΣ!$B$2:$B$5, RANDBETWEEN(1, COUNTA(ΛΙΣΤΕΣ!$B$2:$B$5)))} -> Χανίων | D6: {=INDEX(ΛΙΣΤΕΣ!$C$2:$C$13, RANDBETWEEN(1, COUNTA(ΛΙΣΤΕΣ!$C$2:$C$13)))} -> Μάρτιος | E6: =RANDBETWEEN(10, 500) -> 443 | F6: =RANDBETWEEN(5, 150) -> 76 | G6: =E6*F6 -> 33668 | H6: =G6*( 1 + 15% * RANDBETWEEN(0,1)) -> 33668
A7: 6 | B7: {=INDEX(ΛΙΣΤΕΣ!$A$2:$A$8, RANDBETWEEN(1, COUNTA(ΛΙΣΤΕΣ!$A$2:$A$8)))} -> Υπηρεσία Β | C7: {=INDEX(ΛΙΣΤΕΣ!$B$2:$B$5, RANDBETWEEN(1, COUNTA(ΛΙΣΤΕΣ!$B$2:$B$5)))} -> Ρεθύμνου | D7: {=INDEX(ΛΙΣΤΕΣ!$C$2:$C$13, RANDBETWEEN(1, COUNTA(ΛΙΣΤΕΣ!$C$2:$C$13)))} -> Οκτώβριος | E7: =RANDBETWEEN(10, 500) -> 121 | F7: =RANDBETWEEN(5, 150) -> 142 | G7: =E7*F7 -> 17182 | H7: =G7*( 1 + 15% * RANDBETWEEN(0,1)) -> 19759.3
A8: 7 | B8: {=INDEX(ΛΙΣΤΕΣ!$A$2:$A$8, RANDBETWEEN(1, COUNTA(ΛΙΣΤΕΣ!$A$2:$A$8)))} -> Υπηρεσία Α | C8: {=INDEX(ΛΙΣΤΕΣ!$B$2:$B$5, RANDBETWEEN(1, COUNTA(ΛΙΣΤΕΣ!$B$2:$B$5)))} -> Ηρακλείου | D8: {=INDEX(ΛΙΣΤΕΣ!$C$2:$C$13, RANDBETWEEN(1, COUNTA(ΛΙΣΤΕΣ!$C$2:$C$13)))} -> Μάρτιος | E8: =RANDBETWEEN(10, 500) -> 301 | F8: =RANDBETWEEN(5, 150) -> 106 | G8: =E8*F8 -> 31906 | H8: =G8*( 1 + 15% * RANDBETWEEN(0,1)) -> 31906
A9: 8 | B9: {=INDEX(ΛΙΣΤΕΣ!$A$2:$A$8, RANDBETWEEN(1, COUNTA(ΛΙΣΤΕΣ!$A$2:$A$8)))} -> Προϊον Β | C9: {=INDEX(ΛΙΣΤΕΣ!$B$2:$B$5, RANDBETWEEN(1, COUNTA(ΛΙΣΤΕΣ!$B$2:$B$5)))} -> Λασιθίου | D9: {=INDEX(ΛΙΣΤΕΣ!$C$2:$C$13, RANDBETWEEN(1, COUNTA(ΛΙΣΤΕΣ!$C$2:$C$13)))} -> Δεκέμβριος | E9: =RANDBETWEEN(10, 500) -> 425 | F9: =RANDBETWEEN(5, 150) -> 86 | G9: =E9*F9 -> 36550 | H9: =G9*( 1 + 15% * RANDBETWEEN(0,1)) -> 36550
A10: 9 | B10: {=INDEX(ΛΙΣΤΕΣ!$A$2:$A$8, RANDBETWEEN(1, COUNTA(ΛΙΣΤΕΣ!$A$2:$A$8)))} -> Προϊον Δ | C10: {=INDEX(ΛΙΣΤΕΣ!$B$2:$B$5, RANDBETWEEN(1, COUNTA(ΛΙΣΤΕΣ!$B$2:$B$5)))} -> Ηρακλείου | D10: {=INDEX(ΛΙΣΤΕΣ!$C$2:$C$13, RANDBETWEEN(1, COUNTA(ΛΙΣΤΕΣ!$C$2:$C$13)))} -> Δεκέμβριος | E10: =RANDBETWEEN(10, 500) -> 325 | F10: =RANDBETWEEN(5, 150) -> 50 | G10: =E10*F10 -> 16250 | H10: =G10*( 1 + 15% * RANDBETWEEN(0,1)) -> 16250
A11: 10 | B11: {=INDEX(ΛΙΣΤΕΣ!$A$2:$A$8, RANDBETWEEN(1, COUNTA(ΛΙΣΤΕΣ!$A$2:$A$8)))} -> Προϊον Δ | C11: {=INDEX(ΛΙΣΤΕΣ!$B$2:$B$5, RANDBETWEEN(1, COUNTA(ΛΙΣΤΕΣ!$B$2:$B$5)))} -> Ηρακλείου | D11: {=INDEX(ΛΙΣΤΕΣ!$C$2:$C$13, RANDBETWEEN(1, COUNTA(ΛΙΣΤΕΣ!$C$2:$C$13)))} -> Μάιος | E11: =RANDBETWEEN(10, 500) -> 274 | F11: =RANDBETWEEN(5, 150) -> 72 | G11: =E11*F11 -> 19728 | H11: =G11*( 1 + 15% * RANDBETWEEN(0,1)) -> 19728
A12: 11 | B12: {=INDEX(ΛΙΣΤΕΣ!$A$2:$A$8, RANDBETWEEN(1, COUNTA(ΛΙΣΤΕΣ!$A$2:$A$8)))} -> Προϊον Β | C12: {=INDEX(ΛΙΣΤΕΣ!$B$2:$B$5, RANDBETWEEN(1, COUNTA(ΛΙΣΤΕΣ!$B$2:$B$5)))} -> Χανίων | D12: {=INDEX(ΛΙΣΤΕΣ!$C$2:$C$13, RANDBETWEEN(1, COUNTA(ΛΙΣΤΕΣ!$C$2:$C$13)))} -> Απρίλιος | E12: =RANDBETWEEN(10, 500) -> 70 | F12: =RANDBETWEEN(5, 150) -> 17 | G12: =E12*F12 -> 1190 | H12: =G12*( 1 + 15% * RANDBETWEEN(0,1)) -> 1368.5
A13: 12 | B13: {=INDEX(ΛΙΣΤΕΣ!$A$2:$A$8, RANDBETWEEN(1, COUNTA(ΛΙΣΤΕΣ!$A$2:$A$8)))} -> Υπηρεσία Β | C13: {=INDEX(ΛΙΣΤΕΣ!$B$2:$B$5, RANDBETWEEN(1, COUNTA(ΛΙΣΤΕΣ!$B$2:$B$5)))} -> Ηρακλείου | D13: {=INDEX(ΛΙΣΤΕΣ!$C$2:$C$13, RANDBETWEEN(1, COUNTA(ΛΙΣΤΕΣ!$C$2:$C$13)))} -> Οκτώβριος | E13: =RANDBETWEEN(10, 500) -> 305 | F13: =RANDBETWEEN(5, 150) -> 148 | G13: =E13*F13 -> 45140 | H13: =G13*( 1 + 15% * RANDBETWEEN(0,1)) -> 45140
A14: 13 | B14: {=INDEX(ΛΙΣΤΕΣ!$A$2:$A$8, RANDBETWEEN(1, COUNTA(ΛΙΣΤΕΣ!$A$2:$A$8)))} -> Υπηρεσία Β | C14: {=INDEX(ΛΙΣΤΕΣ!$B$2:$B$5, RANDBETWEEN(1, COUNTA(ΛΙΣΤΕΣ!$B$2:$B$5)))} -> Ηρακλείου | D14: {=INDEX(ΛΙΣΤΕΣ!$C$2:$C$13, RANDBETWEEN(1, COUNTA(ΛΙΣΤΕΣ!$C$2:$C$13)))} -> Ιούλιος | E14: =RANDBETWEEN(10, 500) -> 364 | F14: =RANDBETWEEN(5, 150) -> 63 | G14: =E14*F14 -> 22932 | H14: =G14*( 1 + 15% * RANDBETWEEN(0,1)) -> 22932
A15: 14 | B15: {=INDEX(ΛΙΣΤΕΣ!$A$2:$A$8, RANDBETWEEN(1, COUNTA(ΛΙΣΤΕΣ!$A$2:$A$8)))} -> Υπηρεσία Γ | C15: {=INDEX(ΛΙΣΤΕΣ!$B$2:$B$5, RANDBETWEEN(1, COUNTA(ΛΙΣΤΕΣ!$B$2:$B$5)))} -> Χανίων | D15: {=INDEX(ΛΙΣΤΕΣ!$C$2:$C$13, RANDBETWEEN(1, COUNTA(ΛΙΣΤΕΣ!$C$2:$C$13)))} -> Αύγουστος | E15: =RANDBETWEEN(10, 500) -> 18 | F15: =RANDBETWEEN(5, 150) -> 114 | G15: =E15*F15 -> 2052 | H15: =G15*( 1 + 15% * RANDBETWEEN(0,1)) -> 2052
A16: 15 | B16: {=INDEX(ΛΙΣΤΕΣ!$A$2:$A$8, RANDBETWEEN(1, COUNTA(ΛΙΣΤΕΣ!$A$2:$A$8)))} -> Υπηρεσία Α | C16: {=INDEX(ΛΙΣΤΕΣ!$B$2:$B$5, RANDBETWEEN(1, COUNTA(ΛΙΣΤΕΣ!$B$2:$B$5)))} -> Χανίων | D16: {=INDEX(ΛΙΣΤΕΣ!$C$2:$C$13, RANDBETWEEN(1, COUNTA(ΛΙΣΤΕΣ!$C$2:$C$13)))} -> Οκτώβριος | E16: =RANDBETWEEN(10, 500) -> 264 | F16: =RANDBETWEEN(5, 150) -> 37 | G16: =E16*F16 -> 9768 | H16: =G16*( 1 + 15% * RANDBETWEEN(0,1)) -> 9768
A17: 16 | B17: {=INDEX(ΛΙΣΤΕΣ!$A$2:$A$8, RANDBETWEEN(1, COUNTA(ΛΙΣΤΕΣ!$A$2:$A$8)))} -> Υπηρεσία Α | C17: {=INDEX(ΛΙΣΤΕΣ!$B$2:$B$5, RANDBETWEEN(1, COUNTA(ΛΙΣΤΕΣ!$B$2:$B$5)))} -> Χανίων | D17: {=INDEX(ΛΙΣΤΕΣ!$C$2:$C$13, RANDBETWEEN(1, COUNTA(ΛΙΣΤΕΣ!$C$2:$C$13)))} -> Μάρτιος | E17: =RANDBETWEEN(10, 500) -> 243 | F17: =RANDBETWEEN(5, 150) -> 39 | G17: =E17*F17 -> 9477 | H17: =G17*( 1 + 15% * RANDBETWEEN(0,1)) -> 9477
... A151: 150 | B151: {=INDEX(ΛΙΣΤΕΣ!$A$2:$A$8, RANDBETWEEN(1, COUNTA(ΛΙΣΤΕΣ!$A$2:$A$8)))} -> Προϊον Γ | C151: {=INDEX(ΛΙΣΤΕΣ!$B$2:$B$5, RANDBETWEEN(1, COUNTA(ΛΙΣΤΕΣ!$B$2:$B$5)))} -> Λασιθίου | D151: {=INDEX(ΛΙΣΤΕΣ!$C$2:$C$13, RANDBETWEEN(1, COUNTA(ΛΙΣΤΕΣ!$C$2:$C$13)))} -> Απρίλιος | E151: =RANDBETWEEN(10, 500) -> 105 | F151: =RANDBETWEEN(5, 150) -> 59 | G151: =E151*F151 -> 6195 | H151: =G151*( 1 + 15% * RANDBETWEEN(0,1)) -> 7124.25

Sheet ΑΝΑΛΥΣΗ
A6: Row Labels | B6: Sum of Σύνολο πωλήσεων
A7: Προϊον Α | B7: 553817
A8: Προϊον Β | B8: 303596
A9: Προϊον Γ | B9: 514390
A10: Προϊον Δ | B10: 266612
A11: Υπηρεσία Α | B11: 456440
A12: Υπηρεσία Β | B12: 347393
A13: Υπηρεσία Γ | B13: 351172
A14: Grand Total | B14: 2793420
A24: Row Labels | B24: Average of Τιμή Μονάδας
A25: Προϊον Α | B25: 93.633333 | D25: Row Labels | E25: Average of Τιμή Μονάδας
A26: Προϊον Β | B26: 60.181818 | D26: Ηρακλείου | E26: 72.555556
A27: Προϊον Γ | B27: 77.545455 | D27: Λασιθίου | E27: 84.093023
A28: Προϊον Δ | B28: 68.058824 | D28: Ρεθύμνου | E28: 87.461538
A29: Υπηρεσία Α | B29: 77.555556 | D29: Χανίων | E29: 65.5625
A30: Υπηρεσία Β | B30: 90 | D30: Grand Total | E30: 78.246667
A31: Υπηρεσία Γ | B31: 76.294118
A32: Grand Total | B32: 78.246667
A41: Row Labels | B41: Max of Σύνολο πωλήσεων | C41: Count of Σύνολο πωλήσεων
A42: Απρίλιος | B42: 63900 | C42: 14
A43: Αύγουστος | B43: 58110 | C43: 14
A44: Δεκέμβριος | B44: 49654 | C44: 6
A45: Ιανουάριος | B45: 47888 | C45: 15
A46: Ιούλιος | B46: 70707 | C46: 17
A47: Ιούνιος | B47: 35040 | C47: 10
A48: Μάιος | B48: 45872 | C48: 12
A49: Μάρτιος | B49: 54120 | C49: 10
A50: Νοέμβριος | B50: 35112 | C50: 8
A51: Οκτώβριος | B51: 63510 | C51: 13
A52: Σεπτέμβριος | B52: 52920 | C52: 15
A53: Φεβρουάριος | B53: 51620 | C53: 16
A54: Grand Total | B54: 70707 | C54: 150
